id;nom;prenom;date_naiss;adresse;fonction;entreprise
1;calculate Investment Account;Soft Investment Account port;2020-12-12T00:20:25;Concrete system;deposit;frame Wooden
2;interfaces Handmade;Assistant;2020-12-12T13:35:54;maximized;Wooden;International alarm
3;Switchable Garden;Berkshire reinvent;2020-12-11T20:43:53;Car Global;Germany National Albania;Singapore
4;Connecticut Berkshire Wooden;Music pink;2020-12-11T23:29:05;lime payment portals;Factors;deposit Decentralized Home Loan Account
5;Fish ROI Sausages;Designer payment;2020-12-12T04:30:01;Group;24 hour;New Zealand
6;Infrastructure Automated;Electronics;2020-12-11T23:13:54;Won Bacon invoice;white;e-business
7;Shoes purple white;back up Bedfordshire deliverables;2020-12-12T01:59:03;Home Loan Account;Unbranded Plastic Computer;24/7
8;reinvent Baby;Tuna;2020-12-11T17:01:57;Ball Investor;Soft Crest Practical Wooden Towels;monetize Pataca
9;Proactive Group;Cheese;2020-12-12T05:15:52;incentivize;North Carolina Burundi Franc;Baby
10;Idaho;partnerships GB CFA Franc BEAC;2020-12-11T22:56:59;SMTP Grass-roots Internal;Unbranded;Grocery
